id,user
0,"drzee#1742"
1,"Ponyo#3092"
2,"jwphase#7579"
3,"beetis.eth#4930"
4,"steen#5725"
5,"chris900.eth#1691"
6,"bygbyrd#0849"
7,"chbila#8848"
8,"mercury#7867"
9,"PirateCheetah#9997"
10,"olgabrnv#2947"
11,"jimbo3816#4782"
12,"LadderGoat#4499"
13,"Lautaro#8794"
14,"IwantAjoy#2240"
15,"DEFSTALKR#8888"
16,"dreamsh1ft#0420"
17,"ac#3302"
18,"pixelpete#4791"
19,"rahuldotiyer#0001"
20,"Valent#7134"
21,"johawa#8441"
22,"masoneh#1156"
23,"(DCA) Daniel Calderon Arenas#5528"
24,"ju#1111"
25,"Pollan#9461"
26,"mav#9494"
27,"PeaceLandBread#6666"
28,"itsjpower#9613"
29,"5511#4421"
30,"danimals#1027"
31,"CraftNotArt (Ev's dad)#7416"
32,"MrPickle | Einstein#8572"
33,"heyrio#0133"
34,"sev#5636"
35,"MCee#0587"
36,"loki_moments#3357"
37,"Dusty Locane#6713"
38,"bonafidehan#3939"
39,"RippyDave#0009"
40,"madisonoliviaa_#9269"
41,"jordi875#2986"
42,"Meerkat#7432"
43,"Felix889#8889"
44,"kippah#0001"
45,"nicolasdnl#7604"
46,"NooNe0x#1627"
47,"Mynas (fluuffy)#0109"
48,"rushyyy#0447"
49,"mithrandir14#2107"
50,"carlisle#8008"
51,"davebachinsky#6024"
52,"41degnorth#7622"
53,"CookThem!#1234"
54,"Dr6942069#0814"
55,"grant#6616"
56,"immanual#8293"
57,"Alex#6821"
58,"Neverprint#6032"
59,"TheCeeg#0633"
60,"JoeBlox#7132"
61,"CeGo#4788"
62,"Heather11666#7919"
63,"Simulacrum#0768"
64,"lio_On#4162"
65,"merkletree ðŸ¦€#4903"
66,"melanie_hc#8009"
67,"0xBach#3617"
68,"dmnsgn#9347"
69,"Raytron#8944"
70,"stick#6981"
71,"layseng#8994"
72,"Kai72#5421"
73,"nophoto#1735"
74,"DocSciFi#3026"
75,"ffcbr#2157"
76,"icemoon#1551"
77,"adilmouja#6845"
78,"SqrtOfPi#5050"
79,"sanderrr#2689"
80,"CryptoNad#1217"
81,"dÃ©dÃ© la dÃ©brouille#6686"
82,"Dragaan#4772"
83,"SilverDude2020#4670"
84,"Invigorate#3188"
85,"guidoschmidt#3359"
86,"DadforFyat#3737"
87,"calamai#8226"
88,"michaelperusse#3086"
89,"qosmonot#4420"
90,"vespers.eth#5819"
91,"voxeljunk#0953"
92,"Rc747#8251"
93,"Aang#4200"
94,"ENICOLL#1274"
95,"HeatherLa#7027"
96,"Tobrizzle#8333"
97,"kwee12#0708"
98,"LEOS10301#3627"
99,"Abdullah Chaouni#8259"
100,"bastiboii#6672"
101,"Wiz#8888"
102,"Mantou Rain#1871"
103,"Cenk Cetin#2662"
104,"KALA#4139"
105,"hachihachikyu#8401"
106,"Pol#8597"
107,"PUBLIKFRUIT#0001"
108,"egloo#7304"
109,"confusedcollector#8551"
110,"Jervis#8985"
111,"Moumoumout#6780"
112,"Jax21#8419"
113,"Nicolas Lebrun#9221"
114,"CryptoLibertarian#7665"
115,"ma-ud#2591"
116,"rorschach#4819"
117,"ISA#0520"
118,"iberic_chigÃ¼ire#2636"
119,"jvan1231#8305"
120,"majortom#2456"
121,"Dbochman#0001"
122,"Yazid#6196"
123,"nftet#1285"
124,"ChauLong#8246"
125,"riskãƒŽreward#3234"
126,"blockap#9979"
127,"fartsmellrr86#1537"
128,"KonaCoffee#8373"
129,"1210#9186"
130,"himesh#8929"
131,"limbxlimb#2599"
132,"SamyaK#6232"
133,"tenft00#6638"
134,"claw#9999"
135,"Scrim#5547"
136,"meridiem#3107"
137,"AeroStones#4956"
138,"MacTuitui#1772"
139,"e2e4#9532"
140,"freeimp#4223"
141,"AceAndCo#7939"
142,"Druid.eth#4611"
143,"jwpe#7536"
144,"petricoral#3036"
145,"millsky#4640"
146,"Peenuts#5364"
147,"QuesLaQuex3000#4222"
148,"durtis#1004"
149,"calbee555#0252"
150,"smolnotbig#2026"
151,"SkoHeels#0012"
152,"lookinforsumkittymine#6969"
153,"PISUKEðŸ¦‡#3719"
154,"Collin#8619"
155,"CryptoTaxGuy#9695"
156,"muiy#8251"
157,"G.#4050"
158,"pastel#3234"
159,"Buzz#6579"
160,"Kevin.#5151"
161,"Danyalson#2766"
162,"butthorseblood#6003"
163,"Imola_Red#3758"
164,"GH#4600"
165,"Seymour#9545"
166,"Nadine#6064"
167,"doopie#2911"
168,"prgrssnx#6014"
169,"Minty Fresh#6339"
170,"shan1y#6682"
171,"akaStevey#1473"
172,"SugarMan#2833"
173,"steganon#3443"
174,"ABCV#4355"
175,"laxmaster3000#5059"
176,"Alpxrrt#1962"
177,"fturcheti#8972"
178,"OJORB#4151"
179,"crypticpony#0642"
180,"Mort nÂ°1#7832"
181,"Kevinn#6969"
182,"barbies#8600"
183,"arrmand#3065"
184,"pilsner#8351"
185,"NDsoll137#8394"
186,"falko#9714"
187,"chknlttl#8766"
188,"antlam#0001"
189,"aazim#9247"
190,"SpaceCat#1111"
191,"markjp#8582"
192,"jbel#0515"
193,"ConsiderChaos#0013"
194,"drugsarebad#6582"
195,"silhom#7967"
196,"lilpilsnerz#3664"
197,"nft_defi_OG#1240"
198,"pedrofe#4936"
199,"BitBoyJay#2121"
200,"habibiroy#1700"
201,"pompeyplottin#7156"
202,"nav3en#2950"
203,"jazure#9287"
204,"sugashane#6326"
205,"nftsfame#3274"
206,"jimmyhutch#8150"
207,"ziigzaag#6094"
208,"KTC#0150"
209,"blacktongue#3265"
210,"Wayr#3596"
211,"BnikEmak#0429"
212,"notkanye#2758"
213,"jj5#3203"
214,"JBC#3833"
215,"CryptoHermes#0520"
216,"puls.eth#1749"
217,"JeyRam#6969"
218,"yaboi#0001"
219,"prospero#8205"
220,"nftfiend (Jxnet)#2907"
221,"MELLIA#3363"
222,"catherine#9028"
223,"matascup#0001"
224,"0x1792#0549"
225,"toby.eth#1338"
226,"Arad#0019"
227,"phalanx#2663"
228,"ThisIsBez#5177"
229,"ThatBoy#3709"
230,"KoreanGirlNFT#7455"
231,"uMathA#3413"
232,"Shamrock#1234"
233,"selwob#0001"
234,"Stryder#6081"
235,"AllinDooD#9839"
236,"meowski12#3973"
237,"juca#7619"
238,"AWaggishgame#7304"
239,"noodles#8140"
240,"Cardno#0446"
241,"bthelegend#2166"
242,"sklez#9414"
243,"Heikel#1442"
244,"carrotpots#5851"
245,"Shelby#5040"
246,"tarheel23#4874"
247,"mir#7051"
248,"Arno Kiss#6969"
249,"0xCope ðŸ›¸#5830"
250,"lilpizza.eth#0001"
251,"Doomjak#3211"
252,"0xGroove#4574"
253,"H1_Moon#4390"
254,"Dibby#5165"
255,"cryptosDA#5775"
256,"Czchamp#9680"
257,"Viperr#9999"
258,"3ALPHA#0001"
259,"Gibibean94#7561"
260,"TheBigJoeðŸ§ #3156"
261,"Nxxbie#0452"
262,"Lul#7777"
263,"yerrr#7750"
264,"LuLyðŸ˜£#1681"
265,"elamnft#3756"
266,"fauji#1475"
267,"BBStables#5638"
268,"GmbH#1090"
269,"pixel#5882"
270,"Drace#6468"
271,"BKattyðŸ˜€#0850"
272,"flow.sol#6278"
273,"rahmat#7561"
274,"Cactus#0641"
275,"Justice#4143"
276,"Atomist#8528"